name,b1fps_int8_22WW51.1,b1fps_fp16_22WW51.1,b1fps_fp32_22WW51.1,b16fps_int8_22WW51.1,b16fps_fp16_22WW51.1,b16fps_fp32_22WW51.1,b32fps_int8_22WW51.1,b32fps_fp16_22WW51.1,b32fps_fp32_22WW51.1,b1fps_cldnn_int8_22WW51.1,b1fps_cldnn_fp16_22WW51.1,b1fps_cldnn_fp32_22WW51.1,b16fps_cldnn_int8_22WW51.1,b16fps_cldnn_fp16_22WW51.1,b16fps_cldnn_fp32_22WW51.1,b32fps_cldnn_int8_22WW51.1,b32fps_cldnn_fp16_22WW51.1,b32fps_cldnn_fp32_22WW51.1,b1fps_int8_23WW01.4,b1fps_fp16_23WW01.4,b1fps_fp32_23WW01.4,b16fps_int8_23WW01.4,b16fps_fp16_23WW01.4,b16fps_fp32_23WW01.4,b32fps_int8_23WW01.4,b32fps_fp16_23WW01.4,b32fps_fp32_23WW01.4,b1fps_cldnn_int8_23WW01.4,b1fps_cldnn_fp16_23WW01.4,b1fps_cldnn_fp32_23WW01.4,b16fps_cldnn_int8_23WW01.4,b16fps_cldnn_fp16_23WW01.4,b16fps_cldnn_fp32_23WW01.4,b32fps_cldnn_int8_23WW01.4,b32fps_cldnn_fp16_23WW01.4,b32fps_cldnn_fp32_23WW01.4,b1fps_int8_23WW03.4,b1fps_fp16_23WW03.4,b1fps_fp32_23WW03.4,b16fps_int8_23WW03.4,b16fps_fp16_23WW03.4,b16fps_fp32_23WW03.4,b32fps_int8_23WW03.4,b32fps_fp16_23WW03.4,b32fps_fp32_23WW03.4,b1fps_cldnn_int8_23WW03.4,b1fps_cldnn_fp16_23WW03.4,b1fps_cldnn_fp32_23WW03.4,b16fps_cldnn_int8_23WW03.4,b16fps_cldnn_fp16_23WW03.4,b16fps_cldnn_fp32_23WW03.4,b32fps_cldnn_int8_23WW03.4,b32fps_cldnn_fp16_23WW03.4,b32fps_cldnn_fp32_23WW03.4,b1fps_int8_23WW06.1,b1fps_fp16_23WW06.1,b1fps_fp32_23WW06.1,b16fps_int8_23WW06.1,b16fps_fp16_23WW06.1,b16fps_fp32_23WW06.1,b32fps_int8_23WW06.1,b32fps_fp16_23WW06.1,b32fps_fp32_23WW06.1,b1fps_cldnn_int8_23WW06.1,b1fps_cldnn_fp16_23WW06.1,b1fps_cldnn_fp32_23WW06.1,b16fps_cldnn_int8_23WW06.1,b16fps_cldnn_fp16_23WW06.1,b16fps_cldnn_fp32_23WW06.1,b32fps_cldnn_int8_23WW06.1,b32fps_cldnn_fp16_23WW06.1,b32fps_cldnn_fp32_23WW06.1
DLRM,,2106.53,1996.76,,-1.0,-1.0,,-1.0,-1.0,,1736.96,1674.33,,-1.0,-1.0,,-1.0,-1.0,,2166.92,2009.49,,-1.0,-1.0,,-1.0,-1.0,,1736.96,1674.33,,-1.0,-1.0,,-1.0,-1.0,,2154.57,2022.54,,-1.0,-1.0,,-1.0,-1.0,,1736.96,1674.33,,-1.0,-1.0,,-1.0,-1.0,,2585.55,2662.25,,-1.0,-1.0,,-1.0,-1.0,,1736.96,1674.33,,-1.0,-1.0,,-1.0,-1.0
DeeperCut,,66.84,24.13,,128.85,26.92,,147.12,25.51,,42.69,23.95,,-1.0,26.64,,-1.0,25.5,,68.38,26.05,,128.81,26.46,,148.1,28.17,,42.69,23.95,,-1.0,26.64,,-1.0,25.5,,68.42,26.08,,127.95,27.13,,147.24,28.21,,42.69,23.95,,-1.0,26.64,,-1.0,25.5,,68.47,26.09,,130.41,27.73,,150.04,28.02,,42.69,23.95,,-1.0,26.64,,-1.0,25.5
aclnet,3354.01,3072.43,2243.69,,,,17862.8,13075.72,4479.79,2986.74,2545.16,1876.68,,,,9612.05,5171.56,4626.04,3405.17,3097.24,2111.85,,,,17919.62,12742.6,4560.35,2986.74,2545.16,1876.68,,,,9612.05,5171.56,4626.04,3380.37,3071.72,2120.42,,,,18130.98,12653.49,4567.36,2986.74,2545.16,1876.68,,,,9612.05,5171.56,4626.04,3399.41,3084.75,2108.17,,,,18097.06,12436.93,4581.2,2986.74,2545.16,1876.68,,,,9612.05,5171.56,4626.04
anti-spoof-mn3,2561.26,,,,,,24481.26,,,944.94,,,,,,16332.02,,,2517.98,,,,,,24612.34,,,944.94,,,,,,16332.02,,,2554.61,,,,,,27895.71,,,944.94,,,,,,16332.02,,,2033.93,,,,,,31256.19,,,944.94,,,,,,16332.02,,
asl-recognition-0003,406.09,,,,,,366.24,,,258.74,,,,,,321.93,,,408.65,,,,,,366.75,,,258.74,,,,,,321.93,,,401.49,,,,,,362.63,,,258.74,,,,,,321.93,,,404.1,,,,,,385.71,,,258.74,,,,,,321.93,,
asl-recognition-0004,396.32,,,,,,367.07,,,267.73,,,,,,297.13,,,390.15,,,,,,361.82,,,267.73,,,,,,297.13,,,375.59,,,,,,359.39,,,267.73,,,,,,297.13,,,394.82,,,,,,382.46,,,267.73,,,,,,297.13,,
bert-base-ner,292.83,182.91,127.71,,,,687.72,1130.0,398.95,298.04,205.27,146.19,,,,868.44,692.11,337.9,293.28,183.46,126.35,,,,688.94,1133.91,393.37,298.04,205.27,146.19,,,,868.44,692.11,337.9,292.9,167.91,126.64,,,,1062.98,1229.34,495.74,298.04,205.27,146.19,,,,868.44,692.11,337.9,463.27,429.99,225.05,,,,1352.17,1211.96,488.87,298.04,205.27,146.19,,,,868.44,692.11,337.9
bert-base-uncased-cola,,182.98,127.25,,638.1,329.71,,1134.88,408.79,,201.86,138.82,,642.66,332.01,,631.69,336.72,,183.0,125.72,,647.6,343.02,,1139.25,396.46,,201.86,138.82,,642.66,332.01,,631.69,336.72,,168.28,132.72,,618.13,342.8,,1237.95,492.24,,201.86,138.82,,642.66,332.01,,631.69,336.72,,424.77,225.73,,1196.14,500.95,,1220.07,485.13,,201.86,138.82,,642.66,332.01,,631.69,336.72
bert-small-uncased-whole-word-masking-squad-0002,307.88,228.88,173.08,,,,520.84,617.92,302.75,256.1,223.35,163.72,,,,633.02,499.0,301.29,307.32,228.18,189.28,,,,519.51,618.16,308.28,256.1,223.35,163.72,,,,633.02,499.0,301.29,279.38,213.08,173.91,,,,723.48,693.08,351.7,256.1,223.35,163.72,,,,633.02,499.0,301.29,433.84,403.65,283.13,,,,769.16,725.53,345.85,256.1,223.35,163.72,,,,633.02,499.0,301.29
bert_emd_4layer,,749.17,609.28,,,,,1631.69,1503.49,,749.92,567.14,,,,,1589.84,1472.76,,748.77,615.93,,,,,1639.05,1477.67,,749.92,567.14,,,,,1589.84,1472.76,,667.38,611.48,,,,,1658.42,1480.94,,749.92,567.14,,,,,1589.84,1472.76,,1047.91,804.68,,,,,1680.93,1487.22,,749.92,567.14,,,,,1589.84,1472.76
cgan_mnist,,3365.02,,,,,,-1.0,,,3411.86,,,,,,-1.0,,,3354.07,,,,,,-1.0,,,3411.86,,,,,,-1.0,,,3369.75,,,,,,-1.0,,,3411.86,,,,,,-1.0,,,3059.03,,,,,,-1.0,,,3411.86,,,,,,-1.0,
colorization-siggraph,482.56,285.38,,,,,850.29,452.29,,197.74,112.62,,,,,229.77,32.4,,491.27,287.92,,,,,847.11,450.88,,197.74,112.62,,,,,229.77,32.4,,518.73,296.8,,,,,849.66,427.73,,197.74,112.62,,,,,229.77,32.4,,517.86,297.49,,,,,841.79,426.78,,197.74,112.62,,,,,229.77,32.4,
common-sign-language-0002,661.47,681.59,,,,,910.22,885.79,,419.02,314.63,,,,,585.45,238.04,,657.03,682.72,,,,,909.86,895.79,,419.02,314.63,,,,,585.45,238.04,,641.61,668.29,,,,,899.93,895.24,,419.02,314.63,,,,,585.45,238.04,,658.57,672.46,,,,,996.2,902.69,,419.02,314.63,,,,,585.45,238.04,
cpm-pose,,152.89,61.85,,,,,487.43,66.17,,114.36,61.45,,,,,46.19,68.47,,153.74,62.28,,,,,478.2,72.91,,114.36,61.45,,,,,46.19,68.47,,150.15,66.05,,,,,489.29,73.07,,114.36,61.45,,,,,46.19,68.47,,151.11,65.37,,,,,494.93,72.89,,114.36,61.45,,,,,46.19,68.47
crnn-tf,,200.26,,,,,,3261.97,,,162.39,,,,,,2206.02,,,195.83,,,,,,3171.13,,,162.39,,,,,,2206.02,,,195.45,,,,,,2823.5,,,162.39,,,,,,2206.02,,,194.31,,,,,,2873.88,,,162.39,,,,,,2206.02,
ctpn,105.95,82.08,34.95,179.74,143.88,36.35,199.39,159.31,-1.0,85.78,48.95,34.04,109.28,72.57,35.79,109.51,68.42,-1.0,106.13,82.6,35.06,182.44,142.26,37.3,243.1,159.03,-1.0,85.78,48.95,34.04,109.28,72.57,35.79,109.51,68.42,-1.0,99.05,83.37,34.18,173.68,143.47,37.83,207.99,157.42,-1.0,85.78,48.95,34.04,109.28,72.57,35.79,109.51,68.42,-1.0,102.72,83.44,34.3,174.44,150.1,38.12,241.78,157.84,-1.0,85.78,48.95,34.04,109.28,72.57,35.79,109.51,68.42,-1.0
deeplabv3-mobilenetv3,256.26,233.78,156.79,,,,338.46,314.12,179.26,226.94,198.04,148.84,,,,251.1,133.98,178.42,255.97,232.8,156.64,,,,338.0,311.78,179.9,226.94,198.04,148.84,,,,251.1,133.98,178.42,256.74,231.86,156.36,,,,338.95,310.27,179.75,226.94,198.04,148.84,,,,251.1,133.98,178.42,261.2,232.36,156.56,,,,349.2,318.03,179.58,226.94,198.04,148.84,,,,251.1,133.98,178.42
deeplabv3-onnx,,216.09,,,,,,484.39,,,129.28,,,,,,68.29,,,227.55,,,,,,486.61,,,129.28,,,,,,68.29,,,224.03,,,,,,481.77,,,129.28,,,,,,68.29,,,224.26,,,,,,480.87,,,129.28,,,,,,68.29,
denoise,294.67,298.11,,,,,403.11,437.69,,250.18,194.71,,,,,213.73,-1.0,,290.64,299.22,,,,,400.31,436.13,,250.18,194.71,,,,,213.73,-1.0,,282.63,297.42,,,,,413.2,440.64,,250.18,194.71,,,,,213.73,-1.0,,282.95,297.66,,,,,302.74,312.19,,250.18,194.71,,,,,213.73,-1.0,
densenet-161,380.9,290.75,132.6,,,,1641.46,867.44,482.07,413.61,180.49,123.72,,,,1567.05,405.03,473.36,395.73,304.92,134.32,,,,1643.71,869.99,491.43,413.61,180.49,123.72,,,,1567.05,405.03,473.36,397.74,308.8,139.89,,,,1647.71,863.57,491.19,413.61,180.49,123.72,,,,1567.05,405.03,473.36,404.37,308.77,138.2,,,,1779.86,950.37,483.78,413.61,180.49,123.72,,,,1567.05,405.03,473.36
densenet-169,623.24,509.1,189.65,,,,3489.15,1201.29,931.76,523.26,246.3,178.54,,,,2560.12,655.14,891.42,628.85,522.32,189.55,,,,3468.82,1197.8,944.94,523.26,246.3,178.54,,,,2560.12,655.14,891.42,643.9,521.7,189.79,,,,3425.62,1173.69,942.88,523.26,246.3,178.54,,,,2560.12,655.14,891.42,649.6,522.88,189.76,,,,3555.83,1438.32,930.26,523.26,246.3,178.54,,,,2560.12,655.14,891.42
dla-102,1126.65,808.74,248.35,,,,4526.51,2771.76,559.46,620.96,355.24,233.31,,,,2162.9,928.73,557.17,1119.14,832.15,248.38,,,,4545.08,2807.5,595.3,620.96,355.24,233.31,,,,2162.9,928.73,557.17,1122.62,829.51,248.8,,,,4543.2,2691.12,596.51,620.96,355.24,233.31,,,,2162.9,928.73,557.17,1120.93,832.41,248.61,,,,4542.63,2688.45,587.61,620.96,355.24,233.31,,,,2162.9,928.73,557.17
dla-46xc,2627.88,2307.27,,,,,4332.7,5485.82,,2367.36,1778.99,,,,,7794.66,2344.6,,2654.57,2350.59,,,,,4186.11,5437.83,,2367.36,1778.99,,,,,7794.66,2344.6,,2678.9,2430.59,,,,,4876.59,5479.27,,2367.36,1778.99,,,,,7794.66,2344.6,,2704.78,2435.25,,,,,5193.49,5442.6,,2367.36,1778.99,,,,,7794.66,2344.6,
dna_r9.4.1@v3,,4.48,2.89,,,,,-1.0,-1.0,,4.16,2.84,,,,,-1.0,-1.0,,4.49,2.9,,,,,-1.0,-1.0,,4.16,2.84,,,,,-1.0,-1.0,,4.47,2.9,,,,,-1.0,-1.0,,4.16,2.84,,,,,-1.0,-1.0,,4.17,2.52,,,,,-1.0,-1.0,,4.16,2.84,,,,,-1.0,-1.0
driver-action-recognition-adas-0002-decoder,1376.81,1721.54,847.74,,,,-1.0,-1.0,-1.0,1082.74,1602.3,1077.85,,,,-1.0,-1.0,-1.0,1426.52,1817.79,892.73,,,,-1.0,-1.0,-1.0,1082.74,1602.3,1077.85,,,,-1.0,-1.0,-1.0,1988.93,2459.99,827.48,,,,-1.0,-1.0,-1.0,1082.74,1602.3,1077.85,,,,-1.0,-1.0,-1.0,2185.36,2552.28,839.9,,,,-1.0,-1.0,-1.0,1082.74,1602.3,1077.85,,,,-1.0,-1.0,-1.0
east_resnet_v1_50,153.78,98.08,20.8,,,,-1.0,-1.0,-1.0,90.19,42.95,20.66,,,,-1.0,-1.0,-1.0,154.66,99.1,20.86,,,,-1.0,-1.0,-1.0,90.19,42.95,20.66,,,,-1.0,-1.0,-1.0,157.14,97.85,20.9,,,,-1.0,-1.0,-1.0,90.19,42.95,20.66,,,,-1.0,-1.0,-1.0,156.64,98.06,20.85,,,,-1.0,-1.0,-1.0,90.19,42.95,20.66,,,,-1.0,-1.0,-1.0
efficientnet-b0,1289.58,1386.45,748.85,4184.62,4507.4,2606.75,5031.77,4722.61,2876.15,1180.93,816.93,605.68,3448.67,3261.95,2411.81,3853.12,4035.4,2776.83,1236.87,1446.37,751.51,4385.49,4552.26,2589.83,5186.93,4853.0,2871.72,1180.93,816.93,605.68,3448.67,3261.95,2411.81,3853.12,4035.4,2776.83,1308.7,1475.35,749.48,3977.87,4471.22,2596.95,5384.58,4598.73,2952.64,1180.93,816.93,605.68,3448.67,3261.95,2411.81,3853.12,4035.4,2776.83,1349.68,1454.02,751.05,6360.58,5198.11,2677.69,7418.24,4810.5,2932.91,1180.93,816.93,605.68,3448.67,3261.95,2411.81,3853.12,4035.4,2776.83
efficientnet-b7_auto_aug,89.69,98.3,35.08,110.51,124.84,53.38,134.17,132.66,-1.0,78.32,51.04,33.19,69.68,-1.0,52.48,75.93,-1.0,-1.0,88.88,98.56,35.08,110.24,125.17,53.13,135.24,133.19,-1.0,78.32,51.04,33.19,69.68,-1.0,52.48,75.93,-1.0,-1.0,90.29,96.22,35.06,110.74,120.37,53.24,136.45,131.39,-1.0,78.32,51.04,33.19,69.68,-1.0,52.48,75.93,-1.0,-1.0,127.04,96.35,35.44,175.55,135.1,52.81,199.33,141.64,-1.0,78.32,51.04,33.19,69.68,-1.0,52.48,75.93,-1.0,-1.0
f3net,727.5,502.05,200.74,,,,2323.62,1454.21,315.13,501.35,304.11,190.75,,,,1023.2,451.44,296.89,761.37,530.99,200.69,,,,2277.03,1458.22,328.33,501.35,304.11,190.75,,,,1023.2,451.44,296.89,765.26,530.62,200.37,,,,2246.76,1437.31,328.61,501.35,304.11,190.75,,,,1023.2,451.44,296.89,758.36,527.81,200.35,,,,2260.76,1338.01,326.76,501.35,304.11,190.75,,,,1023.2,451.44,296.89
face-detection-0205,,489.34,428.23,,2046.6,1133.49,,2134.89,1210.7,,333.27,358.66,,1361.73,1124.16,,1511.28,1156.11,,498.83,422.85,,1702.57,1132.0,,2137.5,1267.3,,333.27,358.66,,1361.73,1124.16,,1511.28,1156.11,,485.14,428.56,,1862.85,1169.35,,2087.33,1201.67,,333.27,358.66,,1361.73,1124.16,,1511.28,1156.11,,483.92,426.97,,1867.11,1134.7,,2142.43,1313.17,,333.27,358.66,,1361.73,1124.16,,1511.28,1156.11
faceboxes,1174.4,966.56,604.4,,,,815.29,852.54,946.09,1301.37,910.21,698.96,,,,1328.77,942.14,981.05,1184.76,892.02,594.85,,,,849.05,854.59,939.3,1301.37,910.21,698.96,,,,1328.77,942.14,981.05,1180.72,1051.99,621.82,,,,852.33,851.82,932.32,1301.37,910.21,698.96,,,,1328.77,942.14,981.05,1161.7,1073.52,604.39,,,,846.19,1294.87,935.29,1301.37,910.21,698.96,,,,1328.77,942.14,981.05
facial-landmarks-35-adas-0002,1126.03,1108.53,684.94,13804.84,14252.48,10350.57,25355.44,27183.93,19232.41,1156.52,1072.61,1036.34,13017.02,12200.05,16628.07,26818.49,21690.46,32078.92,1089.67,1045.78,684.03,13877.21,13270.01,10339.96,25395.21,26407.49,19199.52,1156.52,1072.61,1036.34,13017.02,12200.05,16628.07,26818.49,21690.46,32078.92,1072.83,1067.44,685.01,13793.65,13425.07,10356.46,25977.8,26039.2,19218.58,1156.52,1072.61,1036.34,13017.02,12200.05,16628.07,26818.49,21690.46,32078.92,1050.37,1046.89,682.61,13458.69,12984.62,10306.26,25776.63,25761.1,19165.87,1156.52,1072.61,1036.34,13017.02,12200.05,16628.07,26818.49,21690.46,32078.92
faster_rcnn_inception_v2_coco,192.42,161.7,73.1,,,,229.3,230.74,-1.0,219.22,111.36,83.23,,,,235.77,162.75,-1.0,195.53,163.85,73.66,,,,231.39,233.36,-1.0,219.22,111.36,83.23,,,,235.77,162.75,-1.0,153.8,167.19,74.34,,,,154.04,213.38,-1.0,219.22,111.36,83.23,,,,235.77,162.75,-1.0,152.49,166.11,85.99,,,,153.29,210.37,-1.0,219.22,111.36,83.23,,,,235.77,162.75,-1.0
faster_rcnn_resnet50_coco,,26.84,10.09,,,,,-1.0,-1.0,,16.39,10.69,,,,,-1.0,-1.0,,26.97,10.12,,,,,-1.0,-1.0,,16.39,10.69,,,,,-1.0,-1.0,,27.4,10.24,,,,,-1.0,-1.0,,16.39,10.69,,,,,-1.0,-1.0,,27.35,10.7,,,,,-1.0,-1.0,,16.39,10.69,,,,,-1.0,-1.0
fastseg-large,33.36,33.72,10.82,-1.0,-1.0,-1.0,-1.0,-1.0,-1.0,31.56,20.26,11.07,-1.0,-1.0,-1.0,-1.0,-1.0,-1.0,33.25,34.14,10.81,43.21,-1.0,-1.0,-1.0,-1.0,-1.0,31.56,20.26,11.07,-1.0,-1.0,-1.0,-1.0,-1.0,-1.0,33.16,33.02,10.82,-1.0,-1.0,-1.0,-1.0,-1.0,-1.0,31.56,20.26,11.07,-1.0,-1.0,-1.0,-1.0,-1.0,-1.0,34.55,33.13,10.86,-1.0,-1.0,-1.0,-1.0,-1.0,-1.0,31.56,20.26,11.07,-1.0,-1.0,-1.0,-1.0,-1.0,-1.0
fishnet-99,,753.85,361.51,,,,,1833.13,884.74,,578.33,371.83,,,,,1018.01,882.86,,764.63,387.72,,,,,1838.17,903.57,,578.33,371.83,,,,,1018.01,882.86,,764.71,387.48,,,,,1815.57,904.47,,578.33,371.83,,,,,1018.01,882.86,,763.2,360.84,,,,,1894.68,894.94,,578.33,371.83,,,,,1018.01,882.86
fsrcnn,1485.95,1587.98,1132.14,,,,2051.1,1993.72,1234.16,929.2,745.41,634.79,,,,1884.39,890.81,804.67,1508.54,1610.54,1138.43,,,,2053.45,1991.38,1239.78,929.2,745.41,634.79,,,,1884.39,890.81,804.67,1593.47,1593.05,1142.96,,,,2060.17,1989.38,1235.94,929.2,745.41,634.79,,,,1884.39,890.81,804.67,1595.08,1589.96,1144.08,,,,2061.83,1988.45,1247.23,929.2,745.41,634.79,,,,1884.39,890.81,804.67
googlenet-v1,,1246.93,477.81,,,,,5772.15,2076.5,,792.92,806.63,,,,,3655.3,2164.88,,1232.27,478.85,,,,,5778.01,2023.94,,792.92,806.63,,,,,3655.3,2164.88,,1248.41,483.94,,,,,5746.9,2114.45,,792.92,806.63,,,,,3655.3,2164.88,,1229.32,490.24,,,,,5903.1,2114.49,,792.92,806.63,,,,,3655.3,2164.88
googlenet-v3,841.59,647.76,250.97,,,,4252.35,2749.71,707.79,995.79,519.28,369.9,,,,2217.1,1103.15,657.01,886.94,680.2,251.41,,,,4341.85,2829.7,754.85,995.79,519.28,369.9,,,,2217.1,1103.15,657.01,912.27,681.33,251.58,,,,4404.06,2816.88,755.67,995.79,519.28,369.9,,,,2217.1,1103.15,657.01,898.61,682.68,252.32,,,,4343.41,2837.92,755.27,995.79,519.28,369.9,,,,2217.1,1103.15,657.01
handwritten-simplified-chinese-recognition-0001,385.52,246.82,,,,,-1.0,-1.0,,187.11,128.98,,,,,-1.0,-1.0,,389.16,246.24,,,,,-1.0,-1.0,,187.11,128.98,,,,,-1.0,-1.0,,417.28,245.89,,,,,-1.0,-1.0,,187.11,128.98,,,,,-1.0,-1.0,,485.0,249.24,,,,,-1.0,-1.0,,187.11,128.98,,,,,-1.0,-1.0,
horizontal-text-detection-0001,,309.71,254.4,,,,,831.13,418.57,,275.01,208.23,,,,,612.32,408.86,,314.55,260.83,,,,,831.06,420.95,,275.01,208.23,,,,,612.32,408.86,,316.69,255.97,,,,,818.14,420.41,,275.01,208.23,,,,,612.32,408.86,,315.96,255.67,,,,,837.55,420.72,,275.01,208.23,,,,,612.32,408.86
i3d-flow,93.1,68.89,13.13,,,,143.72,109.17,-1.0,40.21,30.6,12.77,,,,-1.0,-1.0,-1.0,93.09,69.15,13.46,,,,142.72,108.28,-1.0,40.21,30.6,12.77,,,,-1.0,-1.0,-1.0,94.68,69.03,13.26,,,,141.22,108.97,-1.0,40.21,30.6,12.77,,,,-1.0,-1.0,-1.0,94.68,69.24,13.27,,,,142.51,108.73,-1.0,40.21,30.6,12.77,,,,-1.0,-1.0,-1.0
icv-lprnet-with-detection-head,,2148.63,,,,,,-1.0,,,1367.73,,,,,,-1.0,,,2144.91,,,,,,-1.0,,,1367.73,,,,,,-1.0,,,2135.7,,,,,,-1.0,,,1367.73,,,,,,-1.0,,,2135.29,,,,,,-1.0,,,1367.73,,,,,,-1.0,
icv-reid-embedding,,3858.34,,,,,,39118.86,,,4228.8,,,,,,21585.82,,,3949.02,,,,,,38217.9,,,4228.8,,,,,,21585.82,,,4002.72,,,,,,38131.8,,,4228.8,,,,,,21585.82,,,3986.88,,,,,,40532.86,,,4228.8,,,,,,21585.82,
icv-squeezenet-pd,,1443.8,885.04,,2211.07,1327.96,,1816.27,1278.82,,1261.98,943.93,,1821.98,1310.43,,1572.79,1269.15,,1470.42,944.97,,2246.03,1358.22,,2085.65,1377.15,,1261.98,943.93,,1821.98,1310.43,,1572.79,1269.15,,1472.45,904.97,,2245.29,1279.2,,1860.44,1368.14,,1261.98,943.93,,1821.98,1310.43,,1572.79,1269.15,,1471.31,911.17,,2178.06,1342.05,,2140.27,1375.99,,1261.98,943.93,,1821.98,1310.43,,1572.79,1269.15
icvface-0034,,1122.91,,,1904.05,,,2170.98,,,581.07,,,1782.54,,,1955.88,,,1131.43,,,1903.78,,,2139.25,,,581.07,,,1782.54,,,1955.88,,,1059.79,,,1906.49,,,2156.44,,,581.07,,,1782.54,,,1955.88,,,1167.05,,,1993.72,,,2182.59,,,581.07,,,1782.54,,,1955.88,
image-retrieval-0001,2510.91,2701.89,,,,,14461.04,9583.27,,2390.67,1811.23,,,,,11938.69,7280.58,,2539.78,2715.12,,,,,14908.63,10021.32,,2390.67,1811.23,,,,,11938.69,7280.58,,2790.54,2641.32,,,,,14287.9,10036.97,,2390.67,1811.23,,,,,11938.69,7280.58,,2706.99,2633.86,,,,,14390.42,10174.7,,2390.67,1811.23,,,,,11938.69,7280.58,
imagesr-giga,175.74,128.32,,183.76,178.31,,254.81,-1.0,,149.26,90.64,,163.81,76.92,,159.21,-1.0,,176.07,128.74,,183.37,179.45,,253.98,191.74,,149.26,90.64,,163.81,76.92,,159.21,-1.0,,190.96,128.84,,186.2,181.67,,265.22,191.8,,149.26,90.64,,163.81,76.92,,159.21,-1.0,,187.96,128.83,,153.57,126.49,,160.89,124.0,,149.26,90.64,,163.81,76.92,,159.21,-1.0,
imagesr-giga-detail,175.92,128.6,,,,,254.25,-1.0,,148.06,89.65,,,,,162.51,-1.0,,175.73,128.91,,,,,253.91,193.37,,148.06,89.65,,,,,162.51,-1.0,,190.28,129.0,,,,,264.79,193.94,,148.06,89.65,,,,,162.51,-1.0,,184.99,129.26,,,,,160.71,124.96,,148.06,89.65,,,,,162.51,-1.0,
inceptionv3-int8-onnx-0001,,875.24,882.56,,,,,4602.17,4939.08,,1024.61,1024.18,,,,,2433.07,2393.12,,913.63,911.94,,,,,4617.7,5032.01,,1024.61,1024.18,,,,,2433.07,2393.12,,943.71,951.29,,,,,5019.12,4986.66,,1024.61,1024.18,,,,,2433.07,2393.12,,937.6,937.75,,,,,4995.91,5081.29,,1024.61,1024.18,,,,,2433.07,2393.12
inceptionv3_ssd,,304.27,126.61,,,,,903.96,235.52,,246.09,153.6,,,,,367.7,216.91,,310.69,128.39,,,,,907.34,250.05,,246.09,153.6,,,,,367.7,216.91,,348.8,128.62,,,,,906.88,251.68,,246.09,153.6,,,,,367.7,216.91,,354.29,128.57,,,,,917.4,248.92,,246.09,153.6,,,,,367.7,216.91
instance-segmentation-security-1039,,150.76,,,-1.0,,,-1.0,,,68.39,,,-1.0,,,-1.0,,,150.65,,,-1.0,,,-1.0,,,68.39,,,-1.0,,,-1.0,,,151.09,,,-1.0,,,-1.0,,,68.39,,,-1.0,,,-1.0,,,158.87,,,-1.0,,,-1.0,,,68.39,,,-1.0,,,-1.0,
kuaishou-blocky,849.88,528.74,184.64,,,,1864.98,1217.21,207.98,667.89,363.38,177.91,,,,724.36,409.23,201.68,782.58,535.98,198.71,,,,1865.02,1215.87,222.6,667.89,363.38,177.91,,,,724.36,409.23,201.68,849.9,561.98,202.77,,,,1875.46,1199.41,229.45,667.89,363.38,177.91,,,,724.36,409.23,201.68,811.9,569.07,196.93,,,,1877.15,1200.63,218.3,667.89,363.38,177.91,,,,724.36,409.23,201.68
kuaishou-blur,653.93,386.32,180.78,,,,1771.76,1107.02,254.39,558.58,327.19,199.79,,,,862.85,391.34,259.15,669.79,385.67,175.61,,,,1765.85,1109.96,262.09,558.58,327.19,199.79,,,,862.85,391.34,259.15,704.9,432.35,175.26,,,,1806.59,1117.01,266.85,558.58,327.19,199.79,,,,862.85,391.34,259.15,694.16,436.98,161.06,,,,1805.05,1118.98,258.64,558.58,327.19,199.79,,,,862.85,391.34,259.15
kuaishou-defocusv4,1176.54,850.95,355.23,,,,5887.98,3754.7,649.06,753.99,532.79,361.25,,,,1720.21,1163.51,640.09,1234.97,949.68,336.38,,,,5959.43,3817.38,696.65,753.99,532.79,361.25,,,,1720.21,1163.51,640.09,1242.51,969.2,357.85,,,,5905.7,3750.95,685.33,753.99,532.79,361.25,,,,1720.21,1163.51,640.09,1250.41,962.7,339.16,,,,5882.19,3716.36,674.41,753.99,532.79,361.25,,,,1720.21,1163.51,640.09
kuaishou-dirtylens,8329.28,10392.44,9632.14,,,,38936.39,-1.0,-1.0,8377.36,5963.67,6088.78,,,,32204.82,-1.0,-1.0,8424.9,10425.89,9204.36,,,,38955.42,-1.0,-1.0,8377.36,5963.67,6088.78,,,,32204.82,-1.0,-1.0,8533.35,10316.94,9259.98,,,,39425.48,-1.0,-1.0,8377.36,5963.67,6088.78,,,,32204.82,-1.0,-1.0,7209.31,10460.98,9366.92,,,,39169.91,-1.0,-1.0,8377.36,5963.67,6088.78,,,,32204.82,-1.0,-1.0
kuaishou-noise,1836.54,1270.77,535.49,,,,5558.31,3704.08,617.98,1437.27,868.21,514.15,,,,2239.7,1243.98,605.18,1824.36,1280.45,565.59,,,,5571.32,3685.84,654.72,1437.27,868.21,514.15,,,,2239.7,1243.98,605.18,1863.2,1200.0,563.6,,,,5642.98,3625.07,651.06,1437.27,868.21,514.15,,,,2239.7,1243.98,605.18,1832.11,1195.02,550.66,,,,5640.38,3640.56,629.4,1437.27,868.21,514.15,,,,2239.7,1243.98,605.18
landmarks-regression-retail-0009,10542.98,11503.21,,,,,149119.09,167387.83,,10359.68,7290.87,,,,,186274.66,107366.22,,10504.33,11474.42,,,,,159583.42,168397.99,,10359.68,7290.87,,,,,186274.66,107366.22,,10881.27,11451.78,,,,,151295.4,171092.57,,10359.68,7290.87,,,,,186274.66,107366.22,,10769.4,11442.52,,,,,164767.04,171165.01,,10359.68,7290.87,,,,,186274.66,107366.22,
lensblur,137.37,121.57,,,,,205.56,153.09,,109.55,58.59,,,,,-1.0,-1.0,,137.14,124.35,,,,,208.97,158.03,,109.55,58.59,,,,,-1.0,-1.0,,133.5,123.35,,,,,198.61,154.92,,109.55,58.59,,,,,-1.0,-1.0,,136.63,132.19,,,,,157.0,124.38,,109.55,58.59,,,,,-1.0,-1.0,
levit-128s,770.87,642.13,627.69,,,,4000.85,6073.73,5431.35,703.14,575.4,566.82,,,,5318.67,5748.6,4280.62,782.81,642.33,627.93,,,,4358.98,6429.44,5499.86,703.14,575.4,566.82,,,,5318.67,5748.6,4280.62,643.51,549.17,625.28,,,,6464.46,7190.31,5769.72,703.14,575.4,566.82,,,,5318.67,5748.6,4280.62,838.63,934.73,859.87,,,,6561.36,6947.31,5944.06,703.14,575.4,566.82,,,,5318.67,5748.6,4280.62
license-plate-recognition-barrier-0001,2894.92,2679.75,,,,,-1.0,-1.0,,3020.05,1556.18,,,,,-1.0,-1.0,,2932.25,2685.41,,,,,-1.0,-1.0,,3020.05,1556.18,,,,,-1.0,-1.0,,2949.82,2665.82,,,,,-1.0,-1.0,,3020.05,1556.18,,,,,-1.0,-1.0,,2877.82,2615.28,,,,,-1.0,-1.0,,3020.05,1556.18,,,,,-1.0,-1.0,
lpcnet_encoder,6040.8,5880.32,,18040.07,18791.93,,16945.04,18497.14,,7134.76,2996.21,,15565.68,4032.39,,16452.33,4107.5,,5992.89,5826.94,,18073.69,18848.18,,16934.47,18497.19,,7134.76,2996.21,,15565.68,4032.39,,16452.33,4107.5,,5952.38,5809.33,,17808.49,18812.99,,18876.14,19649.53,,7134.76,2996.21,,15565.68,4032.39,,16452.33,4107.5,,5312.69,6343.94,,17946.63,18875.35,,18820.09,19650.78,,7134.76,2996.21,,15565.68,4032.39,,16452.33,4107.5,
machine-translation-nar-en-de-0001,,137.26,,,,,,586.85,,,118.15,,,,,,-1.0,,,137.58,,,,,,587.18,,,118.15,,,,,,-1.0,,,109.11,,,,,,572.76,,,118.15,,,,,,-1.0,,,191.64,,,,,,-1.0,,,118.15,,,,,,-1.0,
machine-translation-nar-en-ru-0001,,137.47,,,,,,-1.0,,,134.18,,,,,,-1.0,,,148.3,,,,,,-1.0,,,134.18,,,,,,-1.0,,,120.33,,,,,,-1.0,,,134.18,,,,,,-1.0,,,213.69,,,,,,-1.0,,,134.18,,,,,,-1.0,
mask_rcnn_resnet101_atrous_coco,23.72,15.74,1.87,,,,-1.0,-1.0,-1.0,8.31,5.1,2.4,,,,-1.0,-1.0,-1.0,24.03,15.91,1.91,,,,-1.0,-1.0,-1.0,8.31,5.1,2.4,,,,-1.0,-1.0,-1.0,24.77,15.37,1.89,,,,-1.0,-1.0,-1.0,8.31,5.1,2.4,,,,-1.0,-1.0,-1.0,22.69,13.78,2.16,,,,-1.0,-1.0,-1.0,8.31,5.1,2.4,,,,-1.0,-1.0,-1.0
mask_rcnn_resnet50_atrous_coco,29.54,20.54,,,,,-1.0,-1.0,,9.47,6.51,,,,,-1.0,-1.0,,32.6,19.53,,,,,-1.0,-1.0,,9.47,6.51,,,,,-1.0,-1.0,,29.18,19.2,,,,,-1.0,-1.0,,9.47,6.51,,,,,-1.0,-1.0,,26.91,16.76,,,,,-1.0,-1.0,,9.47,6.51,,,,,-1.0,-1.0,
mobilenet-v1-0.25-128,5975.27,6236.7,,,,,61972.13,68848.1,,6413.58,6211.91,,,,,47118.36,39871.95,,5986.33,6399.63,,,,,63890.57,68472.17,,6413.58,6211.91,,,,,47118.36,39871.95,,6224.51,6594.55,,,,,63332.03,65751.68,,6413.58,6211.91,,,,,47118.36,39871.95,,6229.76,6498.86,,,,,60018.8,66803.5,,6413.58,6211.91,,,,,47118.36,39871.95,
mobilenet-v3-large-1.0-224,1862.88,1545.0,,6751.29,7632.02,,8468.06,7892.73,,1860.89,1314.19,,5288.31,3931.92,,5621.54,3339.53,,1867.82,1530.44,,7348.83,7520.86,,7957.54,7901.96,,1860.89,1314.19,,5288.31,3931.92,,5621.54,3339.53,,1866.29,1508.98,,7082.42,7456.51,,9104.28,7320.38,,1860.89,1314.19,,5288.31,3931.92,,5621.54,3339.53,,1767.61,1674.01,,9077.75,7744.57,,10811.94,8611.6,,1860.89,1314.19,,5288.31,3931.92,,5621.54,3339.53,
mobilenet-v3-small-1.0-224,2139.09,1884.3,,,,,14504.35,14102.76,,2429.91,1661.03,,,,,12576.07,11588.52,,2133.31,1912.89,,,,,14333.52,14491.76,,2429.91,1661.03,,,,,12576.07,11588.52,,2175.27,1918.28,,,,,14294.32,16229.3,,2429.91,1661.03,,,,,12576.07,11588.52,,2022.24,2105.13,,,,,17476.74,18519.07,,2429.91,1661.03,,,,,12576.07,11588.52,
modnet_webcam_portrait_matting,149.66,146.39,,,,,109.8,138.09,,127.45,117.87,,,,,177.95,50.49,,151.37,148.33,,,,,109.66,137.61,,127.45,117.87,,,,,177.95,50.49,,158.35,155.93,,,,,114.77,138.35,,127.45,117.87,,,,,177.95,50.49,,176.2,169.6,,,,,139.55,198.04,,127.45,117.87,,,,,177.95,50.49,
motionblur,137.2,122.98,,109.82,137.03,,202.52,158.65,,115.46,60.23,,117.67,-1.0,,-1.0,-1.0,,137.28,124.5,,109.76,138.74,,209.0,156.2,,115.46,60.23,,117.67,-1.0,,-1.0,-1.0,,134.4,122.86,,123.03,139.85,,198.71,158.53,,115.46,60.23,,117.67,-1.0,,-1.0,-1.0,,136.82,129.68,,127.28,121.2,,157.09,123.72,,115.46,60.23,,117.67,-1.0,,-1.0,-1.0,
octave-resnet-101-0.125,242.78,215.76,122.85,,,,1732.67,958.16,476.75,231.51,166.83,121.35,,,,1317.8,546.11,448.6,241.98,217.61,126.06,,,,1728.32,960.49,474.46,231.51,166.83,121.35,,,,1317.8,546.11,448.6,239.85,215.59,125.71,,,,1705.65,935.37,473.2,231.51,166.83,121.35,,,,1317.8,546.11,448.6,237.94,215.2,125.94,,,,1709.18,931.69,473.16,231.51,166.83,121.35,,,,1317.8,546.11,448.6
octave-resnet-200-0.125,123.46,108.62,,,,,863.33,474.06,,117.52,93.7,,,,,690.74,279.52,,113.7,109.54,,,,,863.15,470.33,,117.52,93.7,,,,,690.74,279.52,,115.69,107.52,,,,,853.62,463.92,,117.52,93.7,,,,,690.74,279.52,,111.28,107.78,,,,,850.54,508.69,,117.52,93.7,,,,,690.74,279.52,
octave-resnext-101-0.25,206.93,222.82,141.92,,,,577.81,611.07,395.06,211.91,163.53,126.88,,,,905.3,316.45,365.07,201.65,235.28,137.58,,,,577.93,611.82,394.48,211.91,163.53,126.88,,,,905.3,316.45,365.07,201.07,230.09,137.43,,,,612.59,613.31,411.69,211.91,163.53,126.88,,,,905.3,316.45,365.07,197.38,229.51,143.8,,,,610.76,641.81,411.64,211.91,163.53,126.88,,,,905.3,316.45,365.07
octave-resnext-50-0.25,406.11,412.59,,,,,800.15,904.56,,421.63,323.86,,,,,1411.22,534.2,,390.54,439.62,,,,,798.43,904.15,,421.63,323.86,,,,,1411.22,534.2,,400.71,419.3,,,,,862.25,932.33,,421.63,323.86,,,,,1411.22,534.2,,395.04,436.09,,,,,863.13,968.53,,421.63,323.86,,,,,1411.22,534.2,
open-closed-eye-0001,13240.98,15114.4,,,,,265375.32,350776.98,,15603.58,15177.08,,,,,337518.63,370444.2,,13152.31,15071.36,,,,,240418.23,349298.64,,15603.58,15177.08,,,,,337518.63,370444.2,,13474.04,14824.63,,,,,286288.53,379617.67,,15603.58,15177.08,,,,,337518.63,370444.2,,13573.95,15002.86,,,,,280720.2,374891.14,,15603.58,15177.08,,,,,337518.63,370444.2,
openpose-hand,,135.24,,,,,,452.82,,,104.48,,,,,,33.68,,,136.21,,,,,,453.14,,,104.48,,,,,,33.68,,,136.03,,,,,,457.49,,,104.48,,,,,,33.68,,,135.94,,,,,,452.48,,,104.48,,,,,,33.68,
person-detection-0102,1552.02,1400.39,,,,,2347.05,1647.06,,1194.03,911.55,,,,,2252.49,1408.28,,1550.78,1416.86,,,,,2350.35,1656.87,,1194.03,911.55,,,,,2252.49,1408.28,,1578.41,1381.14,,,,,2327.55,1654.43,,1194.03,911.55,,,,,2252.49,1408.28,,1593.66,1425.32,,,,,2893.04,1720.47,,1194.03,911.55,,,,,2252.49,1408.28,
person-detection-0106,,19.29,7.84,,-1.0,-1.0,,-1.0,-1.0,,13.05,6.86,,-1.0,-1.0,,-1.0,-1.0,,19.24,7.8,,-1.0,-1.0,,-1.0,-1.0,,13.05,6.86,,-1.0,-1.0,,-1.0,-1.0,,19.23,7.16,,-1.0,-1.0,,-1.0,-1.0,,13.05,6.86,,-1.0,-1.0,,-1.0,-1.0,,20.16,6.84,,-1.0,-1.0,,-1.0,-1.0,,13.05,6.86,,-1.0,-1.0,,-1.0,-1.0
person-detection-action-recognition-0006,459.41,499.99,,,,,740.19,762.96,,433.56,401.04,,,,,809.52,391.4,,487.36,539.76,,,,,770.55,761.34,,433.56,401.04,,,,,809.52,391.4,,507.75,515.59,,,,,729.48,762.91,,433.56,401.04,,,,,809.52,391.4,,509.93,515.7,,,,,729.54,758.39,,433.56,401.04,,,,,809.52,391.4,
person-reidentification-retail-0248,833.5,966.85,,,,,7876.5,9831.6,,880.71,1062.85,,,,,7884.66,5674.97,,741.41,928.73,,,,,7986.87,9996.84,,880.71,1062.85,,,,,7884.66,5674.97,,738.17,907.36,,,,,7988.22,9752.53,,880.71,1062.85,,,,,7884.66,5674.97,,733.04,884.59,,,,,8235.93,10696.51,,880.71,1062.85,,,,,7884.66,5674.97,
person-reidentification-retail-0277,761.74,809.71,,2866.54,3081.28,,3602.1,3587.17,,758.59,862.48,,2624.19,2415.77,,3019.4,2768.2,,706.06,835.98,,3027.51,3004.18,,3665.65,3632.62,,758.59,862.48,,2624.19,2415.77,,3019.4,2768.2,,685.4,834.14,,3033.73,2973.35,,3590.21,3451.88,,758.59,862.48,,2624.19,2415.77,,3019.4,2768.2,,693.63,829.44,,3789.47,3307.47,,4197.28,3552.89,,758.59,862.48,,2624.19,2415.77,,3019.4,2768.2,
person-reidentification-retail-0287,764.78,897.73,874.24,,,,5858.6,5928.09,4043.84,771.43,919.45,952.45,,,,5198.29,4817.98,4085.77,694.34,870.29,872.1,,,,6083.67,6337.01,4050.71,771.43,919.45,952.45,,,,5198.29,4817.98,4085.77,689.32,848.19,875.18,,,,5909.72,6208.06,3948.73,771.43,919.45,952.45,,,,5198.29,4817.98,4085.77,660.76,845.87,872.83,,,,7057.38,6266.91,3987.88,771.43,919.45,952.45,,,,5198.29,4817.98,4085.77
person-vehicle-bike-detection-crossroad-yolov3-1020,514.77,288.71,,928.45,666.94,,968.24,744.02,,280.48,204.46,,470.61,255.14,,472.49,262.87,,529.02,294.8,,942.84,671.32,,971.92,742.24,,280.48,204.46,,470.61,255.14,,472.49,262.87,,532.87,284.92,,941.1,666.23,,976.36,740.33,,280.48,204.46,,470.61,255.14,,472.49,262.87,,534.26,307.72,,938.05,667.47,,990.25,743.05,,280.48,204.46,,470.61,255.14,,472.49,262.87,
places205-googlenet,,1302.15,487.2,,,,,5206.99,1986.5,,714.2,784.31,,,,,3653.83,2077.71,,1307.21,488.09,,,,,5248.76,1952.04,,714.2,784.31,,,,,3653.83,2077.71,,1312.32,486.95,,,,,5209.0,1956.04,,714.2,784.31,,,,,3653.83,2077.71,,1302.11,502.12,,,,,5195.6,2069.92,,714.2,784.31,,,,,3653.83,2077.71
pose-ae-multiperson-pytorch,,90.45,,,,,,140.06,,,28.66,,,,,,-1.0,,,90.65,,,,,,139.48,,,28.66,,,,,,-1.0,,,90.01,,,,,,138.91,,,28.66,,,,,,-1.0,,,90.04,,,,,,139.53,,,28.66,,,,,,-1.0,
rcan,24.46,23.02,6.38,,,,27.99,-1.0,-1.0,20.2,11.95,6.27,,,,-1.0,-1.0,-1.0,24.47,22.76,6.43,,,,27.91,-1.0,-1.0,20.2,11.95,6.27,,,,-1.0,-1.0,-1.0,24.57,22.77,6.52,,,,28.05,-1.0,-1.0,20.2,11.95,6.27,,,,-1.0,-1.0,-1.0,38.45,23.01,6.52,,,,50.81,-1.0,-1.0,20.2,11.95,6.27,,,,-1.0,-1.0,-1.0
refinenet,,238.46,,,,,,748.15,,,110.48,,,,,,178.75,,,239.59,,,,,,769.43,,,110.48,,,,,,178.75,,,241.05,,,,,,759.87,,,110.48,,,,,,178.75,,,241.17,,,,,,701.81,,,110.48,,,,,,178.75,
resmlp-12-distilled-224,847.69,670.79,,,,,2164.43,2651.01,,677.81,557.62,,,,,2599.02,1943.37,,850.21,669.96,,,,,2166.47,2635.58,,677.81,557.62,,,,,2599.02,1943.37,,858.96,673.84,,,,,3225.38,3039.14,,677.81,557.62,,,,,2599.02,1943.37,,1211.88,1073.43,,,,,3624.04,2979.63,,677.81,557.62,,,,,2599.02,1943.37,
resnest-101-pytorch,324.65,314.72,151.24,,,,1146.63,741.84,-1.0,277.32,197.62,141.92,,,,958.15,-1.0,-1.0,333.44,316.5,151.14,,,,1144.83,740.67,-1.0,277.32,197.62,141.92,,,,958.15,-1.0,-1.0,331.96,313.08,151.33,,,,1149.74,735.19,-1.0,277.32,197.62,141.92,,,,958.15,-1.0,-1.0,353.83,314.75,148.6,,,,2025.29,936.76,-1.0,277.32,197.62,141.92,,,,958.15,-1.0,-1.0
resnest-50-pytorch,679.44,625.62,,,,,2177.79,1679.67,,546.54,408.18,,,,,1957.88,779.26,,676.94,632.12,,,,,2173.6,1651.11,,546.54,408.18,,,,,1957.88,779.26,,680.02,625.47,,,,,2192.59,1678.03,,546.54,408.18,,,,,1957.88,779.26,,770.68,625.78,,,,,3767.22,1835.72,,546.54,408.18,,,,,1957.88,779.26,
resnet-152,807.26,549.08,,3472.31,1987.11,,4360.59,2547.82,,301.47,226.4,,1433.02,663.06,,1644.08,927.09,,813.47,550.99,,3496.55,2081.67,,4427.14,2609.31,,301.47,226.4,,1433.02,663.06,,1644.08,927.09,,797.19,558.49,,3464.86,2039.28,,4425.19,2431.69,,301.47,226.4,,1433.02,663.06,,1644.08,927.09,,790.24,558.86,,3562.2,2015.43,,4421.9,2439.37,,301.47,226.4,,1433.02,663.06,,1644.08,927.09,
resnet-18,3788.63,2745.52,1024.65,,,,19498.19,12805.88,2695.57,3311.46,1354.53,1019.91,,,,8845.91,4948.63,2622.89,3872.28,2773.2,1036.6,,,,21041.45,12852.61,2692.52,3311.46,1354.53,1019.91,,,,8845.91,4948.63,2622.89,3879.22,2937.4,1038.75,,,,19031.48,13091.05,2722.29,3311.46,1354.53,1019.91,,,,8845.91,4948.63,2622.89,3541.64,2933.96,1039.48,,,,19064.43,12790.5,2706.3,3311.46,1354.53,1019.91,,,,8845.91,4948.63,2622.89
resnet-34-pytorch,2515.14,1671.93,,,,,13473.41,7894.82,,1745.1,711.4,,,,,4938.17,2540.23,,2608.02,1778.04,,,,,13482.8,8271.54,,1745.1,711.4,,,,,4938.17,2540.23,,2593.02,1792.66,,,,,13274.3,8158.25,,1745.1,711.4,,,,,4938.17,2540.23,,2370.49,1809.33,,,,,13288.02,8180.37,,1745.1,711.4,,,,,4938.17,2540.23,
resnet-50,2047.57,1456.63,464.18,,,,9430.46,5721.43,1008.27,1080.69,648.61,420.31,,,,4244.21,1936.44,1137.94,2043.69,1447.45,438.48,,,,9463.8,5679.46,1031.7,1080.69,648.61,420.31,,,,4244.21,1936.44,1137.94,1982.43,1497.95,439.64,,,,9536.92,5662.92,1046.07,1080.69,648.61,420.31,,,,4244.21,1936.44,1137.94,2048.76,1486.07,437.54,,,,9545.46,5678.01,1032.2,1080.69,648.61,420.31,,,,4244.21,1936.44,1137.94
resnet_v1.5_50,1937.25,,,,,,8483.2,,,921.54,,,,,,3997.44,,,1917.12,,,,,,8513.98,,,921.54,,,,,,3997.44,,,1860.61,,,,,,8527.12,,,921.54,,,,,,3997.44,,,1857.72,,,,,,8551.33,,,921.54,,,,,,3997.44,,
resnext101-32x16d-swsl,464.27,234.93,,,,,1690.85,967.26,,260.08,131.48,,,,,-1.0,-1.0,,490.27,241.95,,,,,1721.65,997.2,,260.08,131.48,,,,,-1.0,-1.0,,499.89,243.32,,,,,1897.99,989.44,,260.08,131.48,,,,,-1.0,-1.0,,492.22,242.72,,,,,1909.07,987.6,,260.08,131.48,,,,,-1.0,-1.0,
rexnet-v1-x1.0,605.7,808.3,,,,,-1.0,-1.0,,592.69,549.44,,,,,-1.0,-1.0,,572.07,804.95,,,,,-1.0,-1.0,,592.69,549.44,,,,,-1.0,-1.0,,594.95,815.38,,,,,-1.0,-1.0,,592.69,549.44,,,,,-1.0,-1.0,,602.89,808.66,,,,,-1.0,-1.0,,592.69,549.44,,,,,-1.0,-1.0,
rfcn-resnet101-coco,163.2,117.91,,,,,258.42,235.21,,111.77,82.25,,,,,115.08,-1.0,,173.53,119.13,,,,,257.63,237.2,,111.77,82.25,,,,,115.08,-1.0,,175.65,119.71,,,,,256.4,237.28,,111.77,82.25,,,,,115.08,-1.0,,176.41,119.95,,,,,272.06,256.26,,111.77,82.25,,,,,115.08,-1.0,
rnnt_joint,13020.72,13641.73,,,,,216010.54,148722.39,,11887.82,12677.46,,,,,191569.38,201210.77,,13221.13,13345.03,,,,,211529.43,145923.63,,11887.82,12677.46,,,,,191569.38,201210.77,,12519.55,13341.81,,,,,255520.34,282808.33,,11887.82,12677.46,,,,,191569.38,201210.77,,9169.01,13789.4,,,,,253338.73,309668.45,,11887.82,12677.46,,,,,191569.38,201210.77,
roberta-base-cola,,183.28,,,635.49,,,1136.38,,,217.69,,,644.41,,,669.42,,,183.51,,,681.03,,,1137.58,,,217.69,,,644.41,,,669.42,,,169.07,,,669.82,,,1238.52,,,217.69,,,644.41,,,669.42,,,433.61,,,1218.03,,,1245.48,,,217.69,,,644.41,,,669.42,
se-resnext-50,109.68,161.87,118.94,744.06,674.2,465.67,787.74,723.74,492.36,136.47,172.38,165.74,764.19,747.21,466.56,847.23,695.27,490.86,108.46,169.68,118.94,767.03,693.57,464.86,792.32,730.5,493.16,136.47,172.38,165.74,764.19,747.21,466.56,847.23,695.27,490.86,105.59,172.68,118.52,818.28,714.64,462.5,819.98,754.16,501.72,136.47,172.38,165.74,764.19,747.21,466.56,847.23,695.27,490.86,108.32,173.22,117.25,992.32,761.39,463.69,1104.09,888.89,502.63,136.47,172.38,165.74,764.19,747.21,466.56,847.23,695.27,490.86
sharpen,300.28,297.76,,,,,471.36,444.23,,290.62,202.64,,,,,352.2,-1.0,,302.25,298.5,,,,,469.09,445.73,,290.62,202.64,,,,,352.2,-1.0,,293.31,296.99,,,,,474.89,440.29,,290.62,202.64,,,,,352.2,-1.0,,293.89,297.98,,,,,333.72,312.95,,290.62,202.64,,,,,352.2,-1.0,
ssd-mobilenet-v1-coco,2013.03,1765.53,880.18,6385.08,4717.54,2210.76,7306.19,5075.54,2416.8,1187.0,1107.18,836.18,5306.87,2806.82,2172.35,6023.36,2861.94,2374.95,2075.59,1731.7,883.56,6409.35,4716.91,2205.83,7410.6,5066.68,2416.81,1187.0,1107.18,836.18,5306.87,2806.82,2172.35,6023.36,2861.94,2374.95,2018.03,1798.49,879.2,6511.22,4667.27,2153.65,7451.5,5024.89,2410.38,1187.0,1107.18,836.18,5306.87,2806.82,2172.35,6023.36,2861.94,2374.95,2253.36,1877.6,883.05,6927.35,4941.36,2174.91,7911.48,5234.77,2287.81,1187.0,1107.18,836.18,5306.87,2806.82,2172.35,6023.36,2861.94,2374.95
ssd512,122.9,118.22,,,,,168.53,151.0,,123.98,101.56,,,,,129.86,86.48,,119.52,120.3,,,,,168.88,150.62,,123.98,101.56,,,,,129.86,86.48,,116.36,117.33,,,,,169.75,148.75,,123.98,101.56,,,,,129.86,86.48,,121.23,127.37,,,,,171.94,152.22,,123.98,101.56,,,,,129.86,86.48,
ssd_mobilenet_v1_coco-tf,2034.2,,,6441.14,,,7298.87,,,865.66,,,5357.03,,,6460.47,,,2088.72,,,6652.84,,,7381.13,,,865.66,,,5357.03,,,6460.47,,,2036.13,,,6501.5,,,7463.46,,,865.66,,,5357.03,,,6460.47,,,2269.69,,,6984.89,,,7916.7,,,865.66,,,5357.03,,,6460.47,,
ssd_mobilenet_v1_fpn_coco,339.28,213.14,,,,,659.49,437.48,,147.64,99.49,,,,,301.63,121.24,,332.53,217.19,,,,,661.44,439.25,,147.64,99.49,,,,,301.63,121.24,,324.48,215.27,,,,,658.98,436.87,,147.64,99.49,,,,,301.63,121.24,,355.18,222.16,,,,,784.73,487.82,,147.64,99.49,,,,,301.63,121.24,
tdnn,,1981.53,,,,,,-1.0,,,1653.28,,,,,,-1.0,,,1998.05,,,,,,-1.0,,,1653.28,,,,,,-1.0,,,1879.28,,,,,,-1.0,,,1653.28,,,,,,-1.0,,,1920.56,,,,,,-1.0,,,1653.28,,,,,,-1.0,
ted_lstm_ld5,,1213.72,,,,,,-1.0,,,884.41,,,,,,-1.0,,,1284.91,,,,,,-1.0,,,884.41,,,,,,-1.0,,,1227.43,,,,,,-1.0,,,884.41,,,,,,-1.0,,,1090.27,,,,,,-1.0,,,884.41,,,,,,-1.0,
tedlium_dnn4_smbr,,3422.98,,,,,,30393.89,,,3397.7,,,,,,36108.47,,,3281.11,,,,,,30938.56,,,3397.7,,,,,,36108.47,,,3278.35,,,,,,84942.56,,,3397.7,,,,,,36108.47,,,4423.04,,,,,,84705.45,,,3397.7,,,,,,36108.47,
text-detection-0003,363.77,267.97,,,,,437.32,278.99,,237.64,136.71,,,,,339.38,-1.0,,372.25,267.81,,,,,437.6,299.9,,237.64,136.71,,,,,339.38,-1.0,,379.3,265.33,,,,,434.61,275.52,,237.64,136.71,,,,,339.38,-1.0,,345.17,266.64,,,,,434.74,276.5,,237.64,136.71,,,,,339.38,-1.0,
text-detection-0004,392.72,303.97,,,,,479.24,359.02,,301.01,199.37,,,,,466.81,-1.0,,400.39,304.81,,,,,480.22,357.73,,301.01,199.37,,,,,466.81,-1.0,,434.76,305.27,,,,,481.93,353.72,,301.01,199.37,,,,,466.81,-1.0,,384.37,303.76,,,,,494.21,355.02,,301.01,199.37,,,,,466.81,-1.0,
text-recognition-0012,87.79,86.56,,-1.0,798.21,,-1.0,1420.96,,78.74,73.6,,-1.0,682.98,,-1.0,992.2,,87.04,86.11,,-1.0,801.15,,-1.0,1433.81,,78.74,73.6,,-1.0,682.98,,-1.0,992.2,,87.07,86.7,,-1.0,815.95,,-1.0,1279.53,,78.74,73.6,,-1.0,682.98,,-1.0,992.2,,85.24,81.29,,-1.0,804.9,,-1.0,1273.4,,78.74,73.6,,-1.0,682.98,,-1.0,992.2,
text-spotting-0003-detector,,40.07,,,,,,-1.0,,,22.13,,,,,,-1.0,,,39.72,,,,,,-1.0,,,22.13,,,,,,-1.0,,,39.86,,,,,,-1.0,,,22.13,,,,,,-1.0,,,41.55,,,,,,-1.0,,,22.13,,,,,,-1.0,
text-to-speech-en-multi-0001-duration-prediction,233.84,211.34,,,,,-1.0,-1.0,,126.56,10.47,,,,,-1.0,-1.0,,233.65,212.77,,,,,-1.0,-1.0,,126.56,10.47,,,,,-1.0,-1.0,,262.96,236.66,,,,,-1.0,-1.0,,126.56,10.47,,,,,-1.0,-1.0,,281.71,251.15,,,,,-1.0,-1.0,,126.56,10.47,,,,,-1.0,-1.0,
unet-2d,503.83,455.35,402.9,,,,739.02,650.48,439.93,454.69,522.6,368.7,,,,746.51,603.71,437.44,505.63,459.68,399.36,,,,739.21,649.5,438.59,454.69,522.6,368.7,,,,746.51,603.71,437.44,517.83,498.44,398.17,,,,755.0,659.54,438.99,454.69,522.6,368.7,,,,746.51,603.71,437.44,518.13,496.49,387.04,,,,753.5,659.23,438.49,454.69,522.6,368.7,,,,746.51,603.71,437.44
unet3d_mlperf,0.22,0.21,,,,,-1.0,-1.0,,0.14,0.14,,,,,-1.0,-1.0,,0.22,0.25,,,,,-1.0,-1.0,,0.14,0.14,,,,,-1.0,-1.0,,0.22,0.2,,,,,-1.0,-1.0,,0.14,0.14,,,,,-1.0,-1.0,,0.23,0.18,,,,,-1.0,-1.0,,0.14,0.14,,,,,-1.0,-1.0,
vehicle-attributes-recognition-barrier-0042,3957.21,3510.16,,34038.37,32764.98,,64623.46,47205.85,,6129.65,1722.43,,33685.83,9350.8,,45860.9,20219.95,,3981.89,3450.57,,46752.89,33479.45,,68088.36,49324.01,,6129.65,1722.43,,33685.83,9350.8,,45860.9,20219.95,,4364.87,3743.18,,35677.5,33715.14,,66518.13,48294.58,,6129.65,1722.43,,33685.83,9350.8,,45860.9,20219.95,,3906.39,3510.78,,41611.17,37232.82,,66816.18,48957.54,,6129.65,1722.43,,33685.83,9350.8,,45860.9,20219.95,
vehicle-detection-adas-0002,1035.52,935.45,,2599.96,1832.35,,2751.62,2119.71,,1186.52,933.5,,2594.44,1654.34,,2235.63,1738.1,,1053.72,947.94,,2654.95,1867.82,,2258.08,2119.14,,1186.52,933.5,,2594.44,1654.34,,2235.63,1738.1,,1062.92,946.99,,2644.53,1847.49,,2592.72,2253.01,,1186.52,933.5,,2594.44,1654.34,,2235.63,1738.1,,1107.74,984.39,,2666.27,1872.67,,2831.71,2277.4,,1186.52,933.5,,2594.44,1654.34,,2235.63,1738.1,
vehicle-reid-0001,634.9,655.84,,,,,1799.59,2014.77,,622.84,657.37,,,,,1542.35,1418.01,,646.77,727.16,,,,,1824.92,2024.46,,622.84,657.37,,,,,1542.35,1418.01,,648.2,764.38,,,,,1852.39,2006.1,,622.84,657.37,,,,,1542.35,1418.01,,688.44,761.85,,,,,2107.3,2190.37,,622.84,657.37,,,,,1542.35,1418.01,
vgg16,1241.23,644.14,,,,,4440.17,2302.44,,879.57,529.34,,,,,1254.57,703.57,,1257.31,645.42,,,,,4558.27,2302.66,,879.57,529.34,,,,,1254.57,703.57,,1278.07,644.82,,,,,4884.73,2511.55,,879.57,529.34,,,,,1254.57,703.57,,1172.03,559.81,,,,,5147.4,2455.52,,879.57,529.34,,,,,1254.57,703.57,
vggvox,,979.36,,,1986.56,,,2419.78,,,364.74,,,513.52,,,473.81,,,971.48,,,1992.12,,,2422.01,,,364.74,,,513.52,,,473.81,,,963.48,,,1995.09,,,2340.06,,,364.74,,,513.52,,,473.81,,,979.38,,,1998.26,,,2330.2,,,364.74,,,513.52,,,473.81,
videosr-tlv2-cg,120.94,110.0,,120.8,165.85,,184.41,184.66,,140.33,89.22,,152.51,-1.0,,-1.0,-1.0,,120.18,111.27,,120.75,166.13,,184.18,185.81,,140.33,89.22,,152.51,-1.0,,-1.0,-1.0,,125.55,111.1,,141.13,168.97,,198.58,184.38,,140.33,89.22,,152.51,-1.0,,-1.0,-1.0,,123.97,110.88,,141.12,169.6,,198.6,185.01,,140.33,89.22,,152.51,-1.0,,-1.0,-1.0,
videosr-tlv2-std,143.65,109.38,,,,,254.27,184.41,,153.48,90.66,,,,,-1.0,-1.0,,145.45,110.96,,,,,253.66,184.9,,153.48,90.66,,,,,-1.0,-1.0,,146.38,110.6,,,,,255.38,181.4,,153.48,90.66,,,,,-1.0,-1.0,,145.66,110.79,,,,,253.26,183.02,,153.48,90.66,,,,,-1.0,-1.0,
wdsr,451.9,258.54,134.34,,,,841.48,583.62,131.14,334.97,226.08,131.12,,,,406.24,236.39,130.51,458.35,272.76,135.42,,,,833.96,584.28,131.95,334.97,226.08,131.12,,,,406.24,236.39,130.51,470.39,287.85,138.65,,,,829.77,506.04,134.61,334.97,226.08,131.12,,,,406.24,236.39,130.51,471.3,287.67,134.83,,,,829.39,507.91,130.69,334.97,226.08,131.12,,,,406.24,236.39,130.51
wdsr-small-x4,450.97,258.83,124.18,,,,834.53,584.46,129.14,321.12,211.91,124.35,,,,374.69,217.94,130.43,458.67,272.7,120.46,,,,833.1,583.21,126.94,321.12,211.91,124.35,,,,374.69,217.94,130.43,472.07,287.56,123.41,,,,824.38,500.66,126.9,321.12,211.91,124.35,,,,374.69,217.94,130.43,468.95,288.0,119.91,,,,831.95,503.85,124.8,321.12,211.91,124.35,,,,374.69,217.94,130.43
weld-porosity-detection-0001,3844.37,2741.31,,,,,19111.14,12943.94,,3275.11,1329.03,,,,,8091.29,4755.67,,3896.81,2629.41,,,,,19217.41,13229.95,,3275.11,1329.03,,,,,8091.29,4755.67,,3995.85,2867.78,,,,,19122.43,12039.63,,3275.11,1329.03,,,,,8091.29,4755.67,,3631.25,2888.67,,,,,19217.09,12877.9,,3275.11,1329.03,,,,,8091.29,4755.67,
yolact-darknet53-fpn-pytorch,177.02,147.32,,,,,326.74,262.98,,143.51,91.31,,,,,165.66,95.04,,179.87,148.08,,,,,326.19,263.05,,143.51,91.31,,,,,165.66,95.04,,173.61,145.77,,,,,327.43,258.93,,143.51,91.31,,,,,165.66,95.04,,187.29,153.06,,,,,336.41,269.86,,143.51,91.31,,,,,165.66,95.04,
yolo-v2-ava-sparse-35-0001,932.59,517.61,,2870.68,1665.41,,3358.61,1914.01,,701.29,420.32,,1095.01,540.48,,975.47,562.91,,955.84,516.07,,2880.93,1742.38,,3378.17,1933.32,,701.29,420.32,,1095.01,540.48,,975.47,562.91,,972.27,500.81,,2876.1,1725.38,,3375.09,1914.13,,701.29,420.32,,1095.01,540.48,,975.47,562.91,,973.07,514.34,,2874.53,1726.34,,3391.01,1926.96,,701.29,420.32,,1095.01,540.48,,975.47,562.91,
yolo-v2-noregion,,500.67,,,,,,1881.67,,,406.4,,,,,,553.5,,,507.6,,,,,,1889.33,,,406.4,,,,,,553.5,,,493.09,,,,,,1869.6,,,406.4,,,,,,553.5,,,504.31,,,,,,1962.65,,,406.4,,,,,,553.5,
yolo-v2-tiny-ava-sparse-30-0001,2126.96,1500.2,,,,,5427.21,4404.88,,2013.58,725.22,,,,,2963.46,1447.89,,2048.77,1501.11,,,,,5433.79,4832.64,,2013.58,725.22,,,,,2963.46,1447.89,,2135.61,1500.79,,,,,5438.75,4382.64,,2013.58,725.22,,,,,2963.46,1447.89,,2128.39,1513.42,,,,,5447.16,4654.38,,2013.58,725.22,,,,,2963.46,1447.89,
yolo-v3,,298.26,,,,,,729.5,,,197.15,,,,,,239.26,,,295.42,,,,,,749.39,,,197.15,,,,,,239.26,,,294.44,,,,,,735.33,,,197.15,,,,,,239.26,,,284.44,,,,,,736.92,,,197.15,,,,,,239.26,
yolo_v3_tiny,1861.68,1587.28,1013.9,,,,2615.88,3041.62,1139.05,1833.5,1354.76,925.13,,,,2489.06,1602.7,1119.15,1857.91,1586.93,1004.02,,,,2525.45,2940.73,1123.27,1833.5,1354.76,925.13,,,,2489.06,1602.7,1119.15,1905.99,1590.0,1014.62,,,,2922.75,2969.96,1162.45,1833.5,1354.76,925.13,,,,2489.06,1602.7,1119.15,1912.7,1584.85,1014.73,,,,3255.75,3049.12,1142.25,1833.5,1354.76,925.13,,,,2489.06,1602.7,1119.15
yolo_v4,163.85,145.29,54.94,,,,419.69,313.54,-1.0,148.4,92.18,50.96,,,,196.93,-1.0,-1.0,164.32,149.94,54.49,,,,419.95,312.5,-1.0,148.4,92.18,50.96,,,,196.93,-1.0,-1.0,156.76,146.67,57.5,,,,404.57,312.11,-1.0,148.4,92.18,50.96,,,,196.93,-1.0,-1.0,157.1,148.18,57.29,,,,404.17,307.93,-1.0,148.4,92.18,50.96,,,,196.93,-1.0,-1.0
yolo_v4-int8-tf,163.91,,,374.49,,,421.71,,,155.61,,,210.59,,,218.78,,,163.56,,,374.27,,,419.67,,,155.61,,,210.59,,,218.78,,,156.59,,,358.36,,,404.3,,,155.61,,,210.59,,,218.78,,,156.82,,,358.0,,,405.34,,,155.61,,,210.59,,,218.78,,
